City_ID,City,Country,Lat,Lng,Max Temp,Humidity,Cloudiness,Wind Speed,Date,Current Description
0,Cape Town,ZA,-33.9258,18.4232,57.61,15,0,6.91,2021-07-26 02:22:57,clear sky
1,Hilo,US,19.7297,-155.09,75.61,94,90,8.05,2021-07-26 02:22:57,mist
2,Pine Bluff,US,34.2284,-92.0032,84.13,70,20,0.0,2021-07-26 02:20:08,few clouds
3,Rikitea,PF,-23.1203,-134.9692,71.51,73,22,6.02,2021-07-26 02:22:58,few clouds
4,Lesozavodsk,RU,45.4794,133.4244,90.3,43,100,11.41,2021-07-26 02:22:58,light rain
5,Lemoore,US,36.3008,-119.7829,100.38,19,1,13.8,2021-07-26 02:22:58,smoke
6,Agadir,MA,30.4202,-9.5982,64.85,79,0,4.5,2021-07-26 02:23:00,clear sky
7,San Luis De La Paz,MX,21.3,-100.5167,68.7,77,5,10.71,2021-07-26 02:23:00,clear sky
8,Bluff,NZ,-46.6,168.3333,49.8,84,100,1.52,2021-07-26 02:23:01,light rain
9,Khatanga,RU,71.9667,102.5,59.74,59,70,1.99,2021-07-26 02:23:01,broken clouds
10,Hambantota,LK,6.1241,81.1185,81.34,76,98,17.11,2021-07-26 02:23:01,overcast clouds
11,Aksu,CN,41.1231,80.2644,89.6,17,0,4.21,2021-07-26 02:23:02,clear sky
12,Nikolskoye,RU,59.7035,30.7861,63.81,62,89,4.34,2021-07-26 02:18:39,overcast clouds
13,San Cristobal,VE,7.7669,-72.225,69.98,99,97,2.66,2021-07-26 02:23:02,overcast clouds
14,Upernavik,GL,72.7868,-56.1549,42.71,74,99,3.83,2021-07-26 02:22:51,overcast clouds
15,Ushuaia,AR,-54.8,-68.3,33.46,80,20,4.61,2021-07-26 02:23:02,few clouds
16,Naryan-Mar,RU,67.6713,53.087,43.68,85,89,16.37,2021-07-26 02:22:41,overcast clouds
17,Pevek,RU,69.7008,170.3133,35.94,88,79,10.11,2021-07-26 02:23:03,broken clouds
18,Reforma,MX,18.1,-91.0167,77.05,88,91,3.76,2021-07-26 02:23:03,overcast clouds
19,Srednekolymsk,RU,67.45,153.6833,57.38,39,63,15.37,2021-07-26 02:23:03,broken clouds
20,Mataura,NZ,-46.1927,168.8643,49.48,88,100,1.57,2021-07-26 02:21:07,light rain
21,At-Bashi,KG,41.1702,75.8106,70.45,25,0,0.87,2021-07-26 02:23:04,clear sky
22,Coolum Beach,AU,-26.5333,153.1,70.34,38,61,5.86,2021-07-26 02:23:04,broken clouds
23,Urengoy,RU,65.9667,78.3667,51.12,93,100,8.19,2021-07-26 02:23:04,light rain
24,Hobart,AU,-42.8794,147.3294,55.26,67,75,3.0,2021-07-26 02:21:57,broken clouds
25,Kodiak,US,57.79,-152.4072,56.71,72,1,9.22,2021-07-26 02:22:25,clear sky
26,Mamallapuram,IN,12.6264,80.1722,84.25,62,100,11.54,2021-07-26 02:23:05,overcast clouds
27,Portland,US,45.5234,-122.6762,89.98,43,1,4.0,2021-07-26 02:23:01,clear sky
28,Opuwo,NA,-18.0607,13.84,56.32,46,0,8.75,2021-07-26 02:23:05,clear sky
29,Tuktoyaktuk,CA,69.4541,-133.0374,50.0,81,75,8.05,2021-07-26 02:23:05,broken clouds
30,Maneadero,MX,31.7167,-116.5667,67.1,88,100,1.99,2021-07-26 02:23:06,overcast clouds
31,Mariental,NA,-24.6333,17.9667,49.32,53,52,13.2,2021-07-26 02:23:06,broken clouds
32,Tura,IN,25.5198,90.2201,79.52,88,100,4.32,2021-07-26 02:23:06,light rain
33,Corner Brook,CA,48.9667,-57.9484,60.96,95,0,2.98,2021-07-26 02:23:07,clear sky
34,Emba,KZ,48.8264,58.1442,71.35,47,0,6.6,2021-07-26 02:23:07,clear sky
35,Troitskoye,RU,52.9821,84.6757,70.68,68,68,6.87,2021-07-26 02:23:07,broken clouds
36,Bengkulu,ID,-3.8004,102.2655,81.16,63,0,2.51,2021-07-26 02:23:08,clear sky
37,Port Lincoln,AU,-34.7333,135.8667,59.86,68,64,21.27,2021-07-26 02:23:08,broken clouds
38,Luocheng,CN,29.3848,104.0286,81.46,82,0,1.1,2021-07-26 02:23:08,clear sky
39,Derzhavinsk,KZ,51.1,66.3167,62.98,72,5,14.32,2021-07-26 02:23:08,clear sky
40,Kenai,US,60.5544,-151.2583,65.03,80,40,11.5,2021-07-26 02:23:09,scattered clouds
41,Tiksi,RU,71.6872,128.8694,56.1,79,83,8.88,2021-07-26 02:18:36,broken clouds
42,Cockburn Town,TC,21.4612,-71.1419,82.13,83,100,16.49,2021-07-26 02:18:27,overcast clouds
43,Bredasdorp,ZA,-34.5322,20.0403,52.92,54,100,5.75,2021-07-26 02:23:09,overcast clouds
44,Butaritari,KI,3.0707,172.7902,78.96,87,99,15.84,2021-07-26 02:23:10,moderate rain
45,Sechura,PE,-5.5569,-80.8222,67.12,81,5,13.27,2021-07-26 02:20:34,clear sky
46,Punta Arenas,CL,-53.15,-70.9167,33.91,93,0,12.66,2021-07-26 02:23:10,clear sky
47,Sao Joao Da Barra,BR,-21.6403,-41.0511,69.66,75,0,14.32,2021-07-26 02:23:10,clear sky
48,Mikuni,JP,36.2171,136.1519,87.71,67,0,6.93,2021-07-26 02:23:11,clear sky
49,Mazyr,BY,52.0495,29.2456,61.27,83,64,5.19,2021-07-26 02:23:11,broken clouds
50,Port-Gentil,GA,-0.7193,8.7815,75.33,81,100,7.52,2021-07-26 02:23:11,overcast clouds
51,Poum,NC,-20.2333,164.0167,73.18,70,25,22.15,2021-07-26 02:23:11,scattered clouds
52,Lebu,CL,-37.6167,-73.65,48.42,82,26,17.6,2021-07-26 02:23:12,scattered clouds
53,Kapaa,US,22.0752,-159.319,87.78,79,20,4.0,2021-07-26 02:23:12,light rain
54,Toba,JP,34.4833,136.85,90.32,69,60,1.68,2021-07-26 02:23:12,broken clouds
55,Estacion Coahuila,MX,32.1939,-115.0017,94.96,42,99,10.56,2021-07-26 02:23:13,overcast clouds
56,Saldanha,ZA,-33.0117,17.9442,48.25,41,100,20.89,2021-07-26 02:23:13,overcast clouds
57,Cabedelo,BR,-6.9811,-34.8339,72.27,86,45,13.31,2021-07-26 02:23:13,scattered clouds
58,Kaitangata,NZ,-46.2817,169.8464,51.93,79,100,4.68,2021-07-26 02:18:16,light rain
59,Sao Filipe,CV,14.8961,-24.4956,73.71,77,74,6.04,2021-07-26 02:23:14,broken clouds
60,Hamilton,US,39.1834,-84.5333,80.01,83,40,0.0,2021-07-26 02:23:10,scattered clouds
61,Tazovskiy,RU,67.4667,78.7,50.86,73,100,6.8,2021-07-26 02:23:14,overcast clouds
62,Amapa,BR,1.0,-52.0,70.68,97,12,2.24,2021-07-26 02:23:14,few clouds
63,Busselton,AU,-33.65,115.3333,65.05,71,1,25.17,2021-07-26 02:23:15,clear sky
64,Hermanus,ZA,-34.4187,19.2345,52.81,51,100,9.51,2021-07-26 02:21:31,overcast clouds
65,Kargil,IN,34.5667,76.1,67.06,50,52,3.85,2021-07-26 02:23:15,broken clouds
66,Bubaque,GW,11.2833,-15.8333,79.16,82,100,8.37,2021-07-26 02:21:57,light rain
67,Vao,NC,-22.6667,167.4833,70.72,65,87,19.62,2021-07-26 02:19:03,overcast clouds
68,Chokurdakh,RU,70.6333,147.9167,54.23,43,39,8.72,2021-07-26 02:22:54,scattered clouds
69,Kruisfontein,ZA,-34.0033,24.7314,57.88,34,100,11.59,2021-07-26 02:23:17,overcast clouds
70,Hofn,IS,64.2539,-15.2082,51.3,89,20,11.65,2021-07-26 02:23:17,few clouds
71,Atuona,PF,-9.8,-139.0333,78.28,71,6,24.85,2021-07-26 02:23:18,clear sky
72,Winfield,US,37.2398,-96.9956,78.82,78,1,0.0,2021-07-26 02:20:51,clear sky
73,Saint George,US,37.1041,-113.5841,83.35,60,1,1.01,2021-07-26 02:21:39,clear sky
74,Thinadhoo,MV,0.5333,72.9333,81.99,69,97,2.71,2021-07-26 02:23:00,overcast clouds
75,Hami,CN,42.8,93.45,90.48,15,6,10.04,2021-07-26 02:23:18,clear sky
76,Mar Del Plata,AR,-38.0023,-57.5575,47.12,60,0,5.99,2021-07-26 02:23:18,clear sky
77,Zvishavane,ZW,-20.3267,30.0665,41.59,80,0,3.27,2021-07-26 02:23:19,clear sky
78,Hithadhoo,MV,-0.6,73.0833,80.98,75,100,5.84,2021-07-26 02:23:19,light rain
79,Cabo San Lucas,MX,22.8909,-109.9124,89.82,70,1,7.0,2021-07-26 02:20:00,clear sky
80,Port Alfred,ZA,-33.5906,26.891,59.74,31,43,11.9,2021-07-26 02:23:19,scattered clouds
81,Port Hardy,CA,50.6996,-127.4199,62.78,82,75,2.3,2021-07-26 02:23:20,broken clouds
82,Beringovskiy,RU,63.05,179.3167,50.09,92,99,6.22,2021-07-26 02:20:34,overcast clouds
83,Albany,US,42.6001,-73.9662,72.39,94,0,4.09,2021-07-26 02:18:48,clear sky
84,Puerto Ayora,EC,-0.7393,-90.3518,71.55,89,3,5.99,2021-07-26 02:23:20,clear sky
85,Aguimes,ES,27.9054,-15.4461,69.66,66,20,23.02,2021-07-26 02:23:20,few clouds
86,Meulaboh,ID,4.1363,96.1285,81.18,76,86,2.75,2021-07-26 02:23:21,overcast clouds
87,Bonthe,SL,7.5264,-12.505,75.76,86,98,5.1,2021-07-26 02:23:21,light rain
88,Ilulissat,GL,69.2167,-51.1,50.02,43,100,11.5,2021-07-26 02:23:21,overcast clouds
89,Ahuimanu,US,21.4447,-157.8378,91.11,67,75,11.5,2021-07-26 02:23:22,broken clouds
90,Nelson Bay,AU,-32.7167,152.15,67.95,52,0,3.0,2021-07-26 02:19:59,clear sky
91,Caorle,IT,45.5966,12.8758,74.59,86,100,9.53,2021-07-26 02:23:22,overcast clouds
92,Vestmannaeyjar,IS,63.4427,-20.2734,50.67,78,100,17.34,2021-07-26 02:23:22,overcast clouds
93,Rio Grande,BR,-32.035,-52.0986,62.49,81,9,7.45,2021-07-26 02:18:34,clear sky
94,Humaita,BR,-7.5061,-63.0208,77.36,49,9,1.36,2021-07-26 02:23:23,clear sky
95,Teya,RU,60.3778,92.6267,79.72,45,57,6.91,2021-07-26 02:23:23,broken clouds
96,Dikson,RU,73.5069,80.5464,44.71,72,37,7.67,2021-07-26 02:23:23,scattered clouds
97,Qaanaaq,GL,77.484,-69.3632,38.91,69,100,1.36,2021-07-26 02:23:24,overcast clouds
98,Avarua,CK,-21.2078,-159.775,77.05,83,75,10.36,2021-07-26 02:19:24,broken clouds
99,Batagay,RU,67.6333,134.6333,69.33,45,85,2.55,2021-07-26 02:23:24,overcast clouds
100,Ribeira Grande,PT,38.5167,-28.7,70.23,84,5,15.23,2021-07-26 02:23:24,clear sky
101,Pisco,PE,-13.7,-76.2167,62.65,77,1,6.91,2021-07-26 02:23:25,clear sky
102,Pizarro,CO,4.9533,-77.366,75.34,91,100,3.15,2021-07-26 02:23:25,light rain
103,Ravar,IR,31.2656,56.8055,80.76,13,0,9.53,2021-07-26 02:18:26,clear sky
104,Thompson,CA,55.7435,-97.8558,59.16,44,40,6.91,2021-07-26 02:21:14,scattered clouds
105,Coquimbo,CL,-29.9533,-71.3436,53.33,82,0,10.36,2021-07-26 02:23:26,clear sky
106,Klaksvik,FO,62.2266,-6.589,50.92,95,100,8.9,2021-07-26 02:23:26,overcast clouds
107,Laela,TZ,-8.5667,32.05,45.27,82,2,5.55,2021-07-26 02:23:26,clear sky
108,Vaini,TO,-21.2,-175.2,80.76,83,20,9.22,2021-07-26 02:23:26,few clouds
109,Tasiilaq,GL,65.6145,-37.6368,41.16,84,27,4.5,2021-07-26 02:22:35,scattered clouds
110,Mwaya,TZ,-9.55,33.95,61.97,79,78,4.5,2021-07-26 02:23:27,light rain
111,Lethem,GY,3.3803,-59.7968,74.57,91,100,5.55,2021-07-26 02:20:38,overcast clouds
112,San Patricio,US,28.017,-97.5169,84.29,73,3,9.64,2021-07-26 02:23:27,clear sky
113,Jamestown,US,42.097,-79.2353,71.24,83,1,3.29,2021-07-26 02:22:19,clear sky
114,Luangwa,ZM,-15.6167,30.4167,53.26,84,4,3.33,2021-07-26 02:23:28,clear sky
115,Kuusamo,FI,65.9667,29.1833,57.24,94,20,2.3,2021-07-26 02:23:28,few clouds
116,Ponta Do Sol,PT,32.6667,-17.1,75.0,82,3,2.21,2021-07-26 02:23:28,clear sky
117,Nynashamn,SE,58.9034,17.9479,59.11,85,88,6.6,2021-07-26 02:23:28,overcast clouds
118,Dergachi,RU,51.2328,48.7659,65.5,36,93,4.21,2021-07-26 02:21:10,overcast clouds
119,Kichera,RU,55.9375,110.0997,76.68,42,56,2.37,2021-07-26 02:23:29,broken clouds
120,Altay,CN,47.8667,88.1167,75.94,42,54,4.29,2021-07-26 02:23:29,broken clouds
121,Solnechnyy,RU,50.7214,136.6319,81.73,58,100,3.71,2021-07-26 02:23:29,overcast clouds
122,Fortuna,US,40.5982,-124.1573,94.48,93,90,9.22,2021-07-26 02:21:44,overcast clouds
123,Camacha,PT,33.0833,-16.3333,71.53,94,75,9.22,2021-07-26 02:22:22,broken clouds
124,Norman Wells,CA,65.282,-126.8329,68.04,64,75,14.97,2021-07-26 02:23:30,smoke
125,Leshukonskoye,RU,64.8989,45.7622,46.92,79,100,5.99,2021-07-26 02:18:54,overcast clouds
126,Dawson Creek,CA,55.7666,-120.2362,69.15,42,20,13.8,2021-07-26 02:21:03,few clouds
127,Ancud,CL,-41.8697,-73.8203,38.73,79,7,7.16,2021-07-26 02:23:30,clear sky
128,Fukue,JP,32.6881,128.8419,82.76,78,75,9.22,2021-07-26 02:23:31,broken clouds
129,Longyearbyen,SJ,78.2186,15.6401,44.44,81,75,6.91,2021-07-26 02:22:39,broken clouds
130,Queanbeyan,AU,-35.35,149.2333,52.39,85,75,13.8,2021-07-26 02:23:31,light intensity drizzle
131,Kobayashi,JP,31.9833,130.9833,84.97,68,100,7.81,2021-07-26 02:23:31,overcast clouds
132,Rancho Palos Verdes,US,33.7445,-118.387,81.52,82,20,4.0,2021-07-26 02:23:32,few clouds
133,Qasigiannguit,GL,68.8193,-51.1922,50.25,62,100,5.86,2021-07-26 02:23:32,overcast clouds
134,Kovur,IN,14.4833,79.9833,85.64,55,97,17.6,2021-07-26 02:23:32,overcast clouds
135,East London,ZA,-33.0153,27.9116,58.69,26,32,6.51,2021-07-26 02:21:47,scattered clouds
136,Sheridan,US,44.8333,-106.9173,91.58,30,1,5.75,2021-07-26 02:23:33,clear sky
137,Healdsburg,US,38.6105,-122.8692,95.58,55,1,13.8,2021-07-26 02:23:33,clear sky
138,Mount Gambier,AU,-37.8333,140.7667,57.11,88,75,17.27,2021-07-26 02:23:33,light rain
139,Chuy,UY,-33.6971,-53.4616,58.37,97,3,4.9,2021-07-26 02:23:34,clear sky
140,Yulara,AU,-25.2406,130.9889,69.64,21,0,8.05,2021-07-26 02:23:34,clear sky
141,Caravelas,BR,-17.7125,-39.2481,68.83,84,2,5.61,2021-07-26 02:23:22,clear sky
142,Barneveld,NL,52.1333,5.5833,64.13,92,61,4.56,2021-07-26 02:18:36,broken clouds
143,Grand Gaube,MU,-20.0064,57.6608,70.2,58,0,15.5,2021-07-26 02:19:21,clear sky
144,Arraial Do Cabo,BR,-22.9661,-42.0278,69.8,77,0,25.99,2021-07-26 02:23:35,clear sky
145,Tefe,BR,-3.3542,-64.7114,78.24,72,100,2.24,2021-07-26 02:23:35,overcast clouds
146,Esperance,AU,-33.8667,121.9,58.84,72,3,22.48,2021-07-26 02:21:37,clear sky
147,Torbay,CA,47.6666,-52.7314,55.76,94,90,8.05,2021-07-26 02:23:35,overcast clouds
148,Lagoa,PT,39.05,-27.9833,68.85,84,9,11.65,2021-07-26 02:23:36,clear sky
149,Sfantu Gheorghe,RO,45.8667,25.7833,63.27,80,5,1.99,2021-07-26 02:23:36,clear sky
150,Clyde River,CA,70.4692,-68.5914,34.03,100,90,4.61,2021-07-26 02:23:36,light rain
151,Baglung,NP,28.2719,83.5898,72.19,97,100,0.58,2021-07-26 02:23:37,light rain
152,Esso,RU,55.9333,158.7,76.77,46,11,1.97,2021-07-26 02:23:37,few clouds
153,Sungaipenuh,ID,-2.0833,101.3833,73.81,69,38,1.83,2021-07-26 02:23:37,scattered clouds
154,Celestun,MX,20.8667,-90.4,81.7,82,26,10.22,2021-07-26 02:23:37,scattered clouds
155,Sisimiut,GL,66.9395,-53.6735,49.55,72,100,5.73,2021-07-26 02:23:38,light rain
156,Coihaique,CL,-45.5752,-72.0662,30.15,86,0,3.44,2021-07-26 02:23:38,clear sky
157,Veraval,IN,20.9,70.3667,79.03,92,100,21.0,2021-07-26 02:23:38,moderate rain
158,Carnarvon,AU,-24.8667,113.6333,64.47,61,75,8.05,2021-07-26 02:22:55,broken clouds
159,Normandin,CA,48.8333,-72.5321,66.51,100,95,3.44,2021-07-26 02:23:39,overcast clouds
160,Ahipara,NZ,-35.1667,173.1667,59.11,82,66,13.73,2021-07-26 02:23:39,broken clouds
161,Castro,BR,-24.7911,-50.0119,54.99,61,5,3.51,2021-07-26 02:22:31,clear sky
162,Deputatskiy,RU,69.3,139.9,57.31,53,100,5.17,2021-07-26 02:23:39,overcast clouds
163,Lavrentiya,RU,65.5833,-171.0,44.58,98,100,3.04,2021-07-26 02:23:40,overcast clouds
164,Xuddur,SO,4.1213,43.8894,67.01,83,49,18.39,2021-07-26 02:22:42,scattered clouds
165,Airai,TL,-8.9266,125.4092,74.84,26,83,3.38,2021-07-26 02:23:40,broken clouds
166,Sinegorye,RU,62.0788,150.477,53.11,96,100,6.93,2021-07-26 02:23:40,light rain
167,Glace Bay,CA,46.1969,-59.957,61.9,94,40,1.99,2021-07-26 02:23:41,scattered clouds
168,Suntar,RU,62.1444,117.6319,82.67,40,0,4.99,2021-07-26 02:23:41,clear sky
169,Margate,GB,51.3813,1.3862,64.31,93,92,3.0,2021-07-26 02:22:21,overcast clouds
170,Skibbereen,IE,51.55,-9.2667,62.4,89,91,4.59,2021-07-26 02:19:14,overcast clouds
171,Ucluelet,CA,48.9329,-125.5528,79.05,83,15,10.89,2021-07-26 02:20:16,few clouds
172,Walvis Bay,NA,-22.9575,14.5053,72.55,26,91,19.57,2021-07-26 02:23:42,overcast clouds
173,Nemuro,JP,43.3236,145.575,75.63,87,0,8.52,2021-07-26 02:23:42,clear sky
174,Nishihara,JP,26.1842,127.7558,85.66,89,75,14.97,2021-07-26 02:23:42,broken clouds
175,Yakeshi,CN,49.2833,120.7333,69.03,68,91,5.19,2021-07-26 02:23:42,overcast clouds
176,Gualeguaychu,AR,-33.0094,-58.5172,57.04,96,100,8.08,2021-07-26 02:20:53,overcast clouds
177,Barrow,US,71.2906,-156.7887,39.22,95,90,17.27,2021-07-26 02:23:43,light rain
178,Kumta,IN,14.4167,74.4,79.18,88,86,11.52,2021-07-26 02:23:43,overcast clouds
179,Vila Velha,BR,-20.3297,-40.2925,64.35,94,0,0.0,2021-07-26 02:23:43,clear sky
180,Hof,DE,50.3167,11.9167,63.5,83,24,3.0,2021-07-26 02:23:44,few clouds
181,Itaituba,BR,-4.2761,-55.9836,75.36,54,100,1.21,2021-07-26 02:23:44,overcast clouds
182,Heihe,CN,50.2441,127.4902,77.58,76,100,4.54,2021-07-26 02:23:44,overcast clouds
183,Andilamena,MG,-17.0167,48.5833,55.76,88,99,10.63,2021-07-26 02:23:45,overcast clouds
184,Kununurra,AU,-15.7667,128.7333,84.18,26,46,9.22,2021-07-26 02:23:45,scattered clouds
185,Umm Lajj,SA,25.0213,37.2685,84.47,55,8,10.31,2021-07-26 02:23:45,clear sky
186,Codrington,AU,-38.2667,141.9667,57.09,85,98,18.66,2021-07-26 02:23:46,overcast clouds
187,Skjervoy,NO,70.0311,20.9714,50.97,97,100,0.83,2021-07-26 02:23:46,light rain
188,Ronne,DK,55.1009,14.7066,69.71,78,90,8.05,2021-07-26 02:23:46,overcast clouds
189,Geraldton,AU,-28.7667,114.6,63.12,88,90,12.66,2021-07-26 02:23:46,overcast clouds
190,Tshane,BW,-24.0196,21.8684,40.84,60,10,10.89,2021-07-26 02:23:47,clear sky
191,Mango,US,27.9797,-82.3065,85.91,82,1,4.61,2021-07-26 02:23:47,clear sky
192,Mahebourg,MU,-20.4081,57.7,70.09,64,20,9.22,2021-07-26 02:23:47,few clouds
193,San Quintin,MX,30.4833,-115.95,68.52,82,100,7.94,2021-07-26 02:20:20,overcast clouds
194,Yuancheng,CN,36.652,107.7896,76.62,39,100,5.3,2021-07-26 02:23:48,light rain
195,Esna,EG,25.2934,32.554,82.42,25,0,8.43,2021-07-26 02:23:48,clear sky
196,Lazaro Cardenas,MX,17.9583,-102.2,81.72,83,94,5.17,2021-07-26 02:19:27,overcast clouds
197,Alice Springs,AU,-23.7,133.8833,74.21,21,6,11.99,2021-07-26 02:23:48,clear sky
198,Narsaq,GL,60.9167,-46.05,46.62,62,100,1.34,2021-07-26 02:22:19,overcast clouds
199,Isangel,VU,-19.55,169.2667,75.33,75,98,16.37,2021-07-26 02:23:49,overcast clouds
200,Road Town,VG,18.4167,-64.6167,78.21,80,94,17.56,2021-07-26 02:23:49,light rain
201,Yellowknife,CA,62.456,-114.3525,59.52,47,20,1.99,2021-07-26 02:23:49,few clouds
202,Bethel,US,41.3712,-73.414,75.04,91,0,2.46,2021-07-26 02:23:50,light rain
203,Amqui,CA,48.4638,-67.4313,64.89,98,100,6.53,2021-07-26 02:23:50,overcast clouds
204,Saint-Philippe,RE,-21.3585,55.7679,67.55,70,58,11.5,2021-07-26 02:23:50,broken clouds
205,Castle Bruce,DM,15.4333,-61.2667,79.48,89,100,8.12,2021-07-26 02:23:50,overcast clouds
206,Kuala Terengganu,MY,5.3302,103.1408,84.15,84,20,5.75,2021-07-26 02:23:51,few clouds
207,Kisangani,CD,0.5167,25.2,73.35,75,92,2.51,2021-07-26 02:19:18,overcast clouds
208,Saskylakh,RU,71.9167,114.0833,59.65,56,89,16.37,2021-07-26 02:21:26,overcast clouds
209,Cherskiy,RU,68.75,161.3,54.93,46,0,13.35,2021-07-26 02:23:20,clear sky
210,Ketchikan,US,55.3422,-131.6461,63.07,63,20,5.75,2021-07-26 02:23:51,light rain
211,Semey,KZ,50.4111,80.2275,77.22,44,40,4.47,2021-07-26 02:23:52,scattered clouds
212,Batemans Bay,AU,-35.7167,150.1833,62.91,45,61,11.05,2021-07-26 02:23:52,broken clouds
213,Chicama,PE,-7.8447,-79.1469,63.14,86,18,5.7,2021-07-26 02:23:52,few clouds
214,Te Anau,NZ,-45.4167,167.7167,46.8,92,100,1.59,2021-07-26 02:23:53,light rain
215,Lillesand,NO,58.2488,8.3778,69.89,64,90,9.22,2021-07-26 02:19:15,overcast clouds
216,Port Hedland,AU,-20.3167,118.5667,78.85,22,83,10.36,2021-07-26 02:22:01,broken clouds
217,Iqaluit,CA,63.7506,-68.5145,49.69,81,75,5.99,2021-07-26 02:23:53,broken clouds
218,Port Elizabeth,ZA,-33.918,25.5701,60.1,37,99,10.71,2021-07-26 02:23:54,overcast clouds
219,Grindavik,IS,63.8424,-22.4338,48.56,100,90,23.02,2021-07-26 02:23:54,moderate rain
220,Samarai,PG,-10.6167,150.6667,79.68,74,94,16.2,2021-07-26 02:22:55,overcast clouds
221,Yar,RU,58.249,52.1026,51.98,72,90,4.47,2021-07-26 02:23:54,overcast clouds
222,Dudinka,RU,69.4058,86.1778,60.66,62,83,5.73,2021-07-26 02:23:55,broken clouds
223,Katsuura,JP,35.1333,140.3,86.11,64,57,20.58,2021-07-26 02:23:55,moderate rain
224,Nichinan,JP,31.6,131.3667,86.95,78,100,9.42,2021-07-26 02:23:55,overcast clouds
225,Bambous Virieux,MU,-20.3428,57.7575,70.05,64,20,9.22,2021-07-26 02:23:55,few clouds
226,Harper,LR,4.375,-7.7169,75.76,77,58,7.02,2021-07-26 02:23:56,broken clouds
227,Semily,CZ,50.6019,15.3355,68.61,90,99,5.01,2021-07-26 02:23:56,overcast clouds
228,Nueva Loja,EC,0.0847,-76.8828,69.06,91,100,0.87,2021-07-26 02:23:56,overcast clouds
229,Joaquim Gomes,BR,-9.1373,-35.7519,71.85,98,43,2.84,2021-07-26 02:23:57,scattered clouds
230,Payo,ID,-3.7508,103.6372,80.42,48,3,1.83,2021-07-26 02:23:57,clear sky
231,Yarmouth,US,41.7057,-70.2286,73.99,91,90,5.99,2021-07-26 02:22:41,overcast clouds
232,Mansa,IN,29.9833,75.3833,89.47,60,97,9.8,2021-07-26 02:23:57,moderate rain
233,Luderitz,NA,-26.6481,15.1594,65.26,27,82,10.42,2021-07-26 02:23:58,broken clouds
234,Zhelyabovka,UA,45.3988,34.7578,71.67,80,9,5.57,2021-07-26 02:23:58,clear sky
235,Pangnirtung,CA,66.1451,-65.7125,50.83,89,100,3.6,2021-07-26 02:23:23,overcast clouds
236,Ixtapa,MX,20.7,-105.2,85.23,79,75,0.0,2021-07-26 02:23:58,broken clouds
237,La Union,PE,-5.4,-80.75,68.16,77,11,13.47,2021-07-26 02:23:58,few clouds
238,Atar,MR,20.5169,-13.0499,86.0,33,99,5.28,2021-07-26 02:23:59,overcast clouds
239,Syracuse,IT,37.0881,15.2792,83.62,53,0,5.41,2021-07-26 02:23:59,clear sky
240,Cayenne,GF,4.9333,-52.3333,77.09,91,90,0.0,2021-07-26 02:23:59,mist
241,Balkhash,KZ,46.844,74.9804,83.01,44,0,4.47,2021-07-26 02:24:00,clear sky
242,Menongue,AO,-14.6585,17.691,46.8,63,0,5.06,2021-07-26 02:24:00,clear sky
243,Touros,BR,-5.1989,-35.4608,74.3,89,0,9.78,2021-07-26 02:24:00,clear sky
244,Saryozek,KZ,44.3583,77.9753,84.92,17,0,0.47,2021-07-26 02:24:00,clear sky
245,Devils Lake,US,48.1128,-98.8651,78.94,52,1,3.0,2021-07-26 02:21:50,clear sky
246,Itarema,BR,-2.9248,-39.9167,77.72,82,6,16.22,2021-07-26 02:19:55,clear sky
247,Pitimbu,BR,-7.4706,-34.8086,72.19,85,37,13.62,2021-07-26 02:24:01,scattered clouds
248,Leningradskiy,RU,69.3833,178.4167,39.92,85,99,6.58,2021-07-26 02:24:02,overcast clouds
249,Mineral Wells,US,32.8085,-98.1128,90.68,54,1,5.75,2021-07-26 02:24:02,clear sky
250,Medicine Hat,CA,50.0501,-110.6683,84.63,29,20,1.01,2021-07-26 02:20:03,smoke
251,Shizunai,JP,42.3339,142.3669,73.35,77,14,9.19,2021-07-26 02:24:02,few clouds
252,Talnakh,RU,69.4865,88.3972,59.67,89,99,3.47,2021-07-26 02:24:02,overcast clouds
253,Gashua,NG,12.871,11.0482,80.06,71,100,10.07,2021-07-26 02:24:03,light rain
254,Teruel,ES,40.6667,-0.6667,60.76,82,22,2.73,2021-07-26 02:24:03,moderate rain
255,Yambio,SS,4.5721,28.3955,66.9,98,100,2.95,2021-07-26 02:24:03,light rain
256,Ostrovnoy,RU,68.0531,39.5131,45.52,83,88,19.26,2021-07-26 02:24:04,overcast clouds
257,Broadstairs,GB,51.3591,1.4394,64.2,94,96,3.0,2021-07-26 02:24:04,overcast clouds
258,Wynyard,AU,-41.0,145.7167,54.25,87,99,14.45,2021-07-26 02:24:04,light rain
259,Sorland,NO,67.667,12.6934,54.14,83,100,4.59,2021-07-26 02:21:33,overcast clouds
260,Saint Albans,GB,51.75,-0.3333,63.1,97,90,5.75,2021-07-26 02:22:50,overcast clouds
261,Alofi,NU,-19.0595,-169.9187,82.29,65,7,5.75,2021-07-26 02:24:05,clear sky
262,Divnogorsk,RU,55.9594,92.3619,73.89,59,44,1.83,2021-07-26 02:24:05,scattered clouds
263,Hirara,JP,24.8,125.2833,88.07,84,75,9.22,2021-07-26 02:24:06,broken clouds
264,Ati,TD,13.2154,18.3353,76.15,80,100,5.08,2021-07-26 02:24:06,overcast clouds
265,Gat,IL,31.61,34.7642,79.48,84,18,3.62,2021-07-26 02:24:06,few clouds
266,Pemangkat,ID,1.1667,108.9667,83.5,76,36,6.31,2021-07-26 02:24:06,scattered clouds
267,Saint-Pierre,RE,-21.3393,55.4781,67.64,67,0,8.05,2021-07-26 02:24:07,clear sky
268,Karratha,AU,-20.7377,116.8463,77.04,36,78,2.06,2021-07-26 02:21:50,broken clouds
269,Carmen,MX,18.6333,-91.8333,82.38,78,30,11.9,2021-07-26 02:20:51,scattered clouds
270,Sudbury,CA,46.49,-80.99,72.46,87,1,5.82,2021-07-26 02:24:07,clear sky
271,Kavieng,PG,-2.5744,150.7967,83.79,68,30,4.25,2021-07-26 02:23:13,scattered clouds
272,Rudnogorsk,RU,57.2639,103.7519,78.15,41,19,5.03,2021-07-26 02:24:08,few clouds
273,Erzin,TR,36.9559,36.2,77.72,72,0,1.66,2021-07-26 02:24:08,clear sky
274,Nanortalik,GL,60.1432,-45.2371,44.15,75,91,11.12,2021-07-26 02:24:08,overcast clouds
275,Aklavik,CA,68.2191,-135.0107,56.23,80,100,12.86,2021-07-26 02:24:09,overcast clouds
276,Saint-Joseph,RE,-21.3667,55.6167,66.56,70,29,11.68,2021-07-26 02:24:09,scattered clouds
277,Zyryanka,RU,65.75,150.85,55.08,52,100,12.15,2021-07-26 02:24:09,overcast clouds
278,Fethiye,TR,36.6217,29.1164,75.07,48,0,6.6,2021-07-26 02:24:09,clear sky
279,Yagodnoye,RU,62.55,149.6667,49.82,94,100,8.23,2021-07-26 02:24:10,moderate rain
280,Paka,MY,4.6374,103.4368,84.13,84,20,3.44,2021-07-26 02:24:10,few clouds
281,Kaeo,NZ,-35.1,173.7833,59.54,84,16,12.55,2021-07-26 02:20:22,few clouds
282,Dalvik,IS,65.9702,-18.5286,49.93,72,18,8.08,2021-07-26 02:24:10,few clouds
283,Merauke,ID,-8.4667,140.3333,81.61,64,95,10.38,2021-07-26 02:24:11,overcast clouds
284,New Norfolk,AU,-42.7826,147.0587,54.9,86,100,1.99,2021-07-26 02:24:11,overcast clouds
285,Korla,CN,41.7597,86.1469,92.66,10,0,11.9,2021-07-26 02:24:11,clear sky
286,Balsas,BR,-7.5325,-46.0356,77.02,47,5,9.04,2021-07-26 02:24:12,clear sky
287,Carutapera,BR,-1.195,-46.02,75.83,87,13,4.99,2021-07-26 02:24:12,few clouds
288,Toora-Khem,RU,52.4675,96.11,66.22,87,100,1.16,2021-07-26 02:21:15,overcast clouds
289,Inuvik,CA,68.3499,-133.7218,56.26,94,90,6.91,2021-07-26 02:24:12,overcast clouds
290,High Level,CA,58.5169,-117.136,68.11,60,75,12.66,2021-07-26 02:24:13,broken clouds
291,Vila Franca Do Campo,PT,37.7167,-25.4333,68.41,86,57,7.52,2021-07-26 02:24:13,broken clouds
292,Maniitsoq,GL,65.4167,-52.9,46.36,75,100,10.13,2021-07-26 02:24:13,overcast clouds
293,Denpasar,ID,-8.65,115.2167,80.26,78,20,5.75,2021-07-26 02:24:14,few clouds
294,Frontera,MX,26.9333,-101.45,90.86,27,0,12.03,2021-07-26 02:24:14,clear sky
295,Collierville,US,35.042,-89.6645,83.95,83,6,4.85,2021-07-26 02:21:29,clear sky
296,Rawson,AR,-43.3002,-65.1023,43.16,50,0,12.8,2021-07-26 02:24:14,clear sky
297,Galesong,ID,-5.3166,119.3661,82.42,54,22,3.76,2021-07-26 02:24:15,few clouds
298,Berlevag,NO,70.8578,29.0864,45.25,82,100,16.89,2021-07-26 02:22:45,overcast clouds
299,Ewa Beach,US,21.3156,-158.0072,91.35,58,40,11.5,2021-07-26 02:24:15,scattered clouds
300,Ambatondrazaka,MG,-17.8333,48.4167,56.34,96,100,4.18,2021-07-26 02:24:15,light rain
301,Khonsa,IN,27.0167,95.5667,75.6,89,99,0.38,2021-07-26 02:24:16,overcast clouds
302,Umm Kaddadah,SD,13.6017,26.6876,81.77,59,93,13.13,2021-07-26 02:24:16,overcast clouds
303,Puerto Cabezas,NI,14.0351,-83.3888,77.83,86,100,7.92,2021-07-26 02:24:16,overcast clouds
304,Nioro,GM,13.35,-15.75,76.48,78,41,5.23,2021-07-26 02:24:17,scattered clouds
305,Mantua,IT,45.1667,10.7833,74.91,81,99,3.4,2021-07-26 02:24:17,overcast clouds
306,Khani,GE,41.9563,42.9566,58.57,89,41,3.02,2021-07-26 02:24:17,scattered clouds
307,Imbituba,BR,-28.24,-48.6703,64.81,74,14,7.54,2021-07-26 02:24:17,few clouds
308,Dubai,AE,25.2582,55.3047,93.49,49,96,5.75,2021-07-26 02:20:08,overcast clouds
309,Kismayo,SO,-0.3582,42.5454,74.98,78,88,21.74,2021-07-26 02:24:18,light rain
310,Laranjeiras Do Sul,BR,-25.4078,-52.4161,56.59,71,41,4.52,2021-07-26 02:24:18,light rain
311,Dalby,AU,-27.1833,151.2667,62.98,33,57,3.0,2021-07-26 02:24:18,broken clouds
312,Flinders,AU,-34.5833,150.8552,63.81,56,60,8.99,2021-07-26 02:24:19,broken clouds
313,Petropavlovsk-Kamchatskiy,RU,53.0452,158.6483,77.59,57,0,6.71,2021-07-26 02:24:19,clear sky
314,Kahului,US,20.8947,-156.47,84.97,80,40,26.46,2021-07-26 02:19:58,scattered clouds
315,Panguna,PG,-6.3164,155.4848,77.99,77,41,1.5,2021-07-26 02:24:19,moderate rain
316,Makakilo City,US,21.3469,-158.0858,89.92,58,40,11.5,2021-07-26 02:24:20,scattered clouds
317,Omsukchan,RU,62.5333,155.8,54.0,97,100,4.07,2021-07-26 02:24:20,light rain
318,Valparaiso,CL,-33.0393,-71.6273,54.48,89,75,4.61,2021-07-26 02:22:23,broken clouds
319,Imeni Poliny Osipenko,RU,52.4201,136.4853,82.04,56,100,8.48,2021-07-26 02:24:20,overcast clouds
320,Atherton,GB,53.5237,-2.4935,62.29,90,5,1.99,2021-07-26 02:24:21,clear sky
321,Jiaozuo,CN,35.2397,113.2331,85.3,67,44,3.33,2021-07-26 02:24:21,light rain
322,Jinan,CN,36.6683,116.9972,90.77,46,29,5.26,2021-07-26 02:24:21,light rain
323,Hastings,GB,50.8552,0.5729,64.33,99,90,7.58,2021-07-26 02:24:22,overcast clouds
324,Nantucket,US,41.2835,-70.0995,73.99,91,90,16.11,2021-07-26 02:24:22,overcast clouds
325,Tabas,IR,33.5959,56.9244,88.93,15,0,11.12,2021-07-26 02:24:22,clear sky
326,Roseburg,US,43.2165,-123.3417,93.31,18,1,16.11,2021-07-26 02:21:29,clear sky
327,Siquijor,PH,9.2142,123.515,84.56,74,99,18.52,2021-07-26 02:24:23,overcast clouds
328,Kieta,PG,-6.2167,155.6333,83.77,72,26,4.27,2021-07-26 02:24:23,light rain
329,Wanaka,NZ,-44.7,169.15,43.61,95,100,4.52,2021-07-26 02:24:23,moderate rain
330,Victoria,HK,22.2855,114.1577,91.96,81,47,1.01,2021-07-26 02:20:58,scattered clouds
331,Chiang Khong,TH,20.2613,100.4046,77.32,99,96,1.81,2021-07-26 02:24:24,overcast clouds
332,Peniche,PT,39.3558,-9.3811,69.73,93,30,9.86,2021-07-26 02:24:24,scattered clouds
333,Griffith,US,41.5284,-87.4237,83.05,71,1,0.0,2021-07-26 02:19:41,clear sky
334,Sur,OM,22.5667,59.5289,89.85,58,93,8.86,2021-07-26 02:21:19,overcast clouds
335,Vrangel,RU,42.7297,133.0839,78.94,81,39,6.08,2021-07-26 02:24:24,scattered clouds
336,Samoded,RU,63.6083,40.5111,52.84,95,100,3.27,2021-07-26 02:24:25,overcast clouds
337,Old Saybrook,US,41.2918,-72.3762,75.4,89,20,3.44,2021-07-26 02:23:23,few clouds
338,Lorengau,PG,-2.0226,147.2712,85.26,65,35,5.93,2021-07-26 02:21:37,scattered clouds
339,Comodoro Rivadavia,AR,-45.8667,-67.5,42.66,52,0,11.5,2021-07-26 02:20:29,clear sky
340,La Ronge,CA,55.1001,-105.2842,61.05,88,75,4.61,2021-07-26 02:24:25,broken clouds
341,Oum Hadjer,TD,13.2954,19.6966,75.45,80,100,7.05,2021-07-26 02:24:26,overcast clouds
342,Adrar,MR,20.5022,-10.0711,88.39,20,0,8.95,2021-07-26 02:22:41,clear sky
343,Vilyuysk,RU,63.7553,121.6247,84.4,42,0,8.01,2021-07-26 02:24:26,clear sky
344,Svetlogorsk,BY,52.6333,29.7333,60.85,90,47,5.66,2021-07-26 02:24:26,scattered clouds
345,Henties Bay,NA,-22.116,14.2845,73.02,33,35,22.46,2021-07-26 02:22:23,scattered clouds
346,Bilibino,RU,68.0546,166.4372,61.81,45,28,1.32,2021-07-26 02:24:27,scattered clouds
347,College,US,64.8569,-147.8028,71.26,54,75,3.44,2021-07-26 02:24:27,broken clouds
348,Gamba,GA,-2.65,10.0,69.62,93,96,1.63,2021-07-26 02:24:27,overcast clouds
349,Necochea,AR,-38.5473,-58.7368,45.01,87,5,10.83,2021-07-26 02:21:31,clear sky
350,Arosa,CH,46.7779,9.6762,48.85,89,100,1.1,2021-07-26 02:24:28,moderate rain
351,Russell,US,32.3502,-85.1999,82.11,91,40,0.0,2021-07-26 02:24:28,light intensity drizzle
352,Navalgund,IN,15.5667,75.3667,74.3,86,96,15.28,2021-07-26 02:24:28,overcast clouds
353,Alice Town,BS,25.7167,-79.3,83.3,74,18,11.79,2021-07-26 02:24:29,few clouds
354,Laguna,US,38.421,-121.4238,100.45,31,1,4.0,2021-07-26 02:24:29,clear sky
355,Karpogory,RU,64.0019,44.4451,46.65,93,94,3.27,2021-07-26 02:24:29,overcast clouds
356,Lancut,PL,50.0687,22.2291,70.79,94,0,8.05,2021-07-26 02:24:30,clear sky
357,Misawa,JP,40.6836,141.3597,86.07,60,0,11.27,2021-07-26 02:24:30,clear sky
358,Dondaicha,IN,21.3333,74.5667,78.15,86,96,13.04,2021-07-26 02:24:30,overcast clouds
359,Arlit,NE,18.7369,7.3853,94.75,19,100,9.37,2021-07-26 02:24:30,overcast clouds
360,Progreso,MX,21.2833,-89.6667,82.51,82,84,9.64,2021-07-26 02:24:31,broken clouds
361,Haines Junction,CA,60.7522,-137.5108,62.55,48,100,11.5,2021-07-26 02:21:10,overcast clouds
362,Sarakhs,IR,36.5449,61.1577,84.34,32,0,21.85,2021-07-26 02:24:31,clear sky
363,Salalah,OM,17.0151,54.0924,78.89,83,75,5.75,2021-07-26 02:24:31,broken clouds
364,Kaabong,UG,3.4836,34.1492,61.11,78,100,4.74,2021-07-26 02:24:32,overcast clouds
365,Hasaki,JP,35.7333,140.8333,82.8,65,99,20.47,2021-07-26 02:23:55,overcast clouds
366,Mitsamiouli,KM,-11.3847,43.2844,76.1,69,74,13.31,2021-07-26 02:24:32,light rain
367,Saint-Augustin,CA,51.226,-58.6502,59.38,68,72,8.72,2021-07-26 02:20:24,broken clouds
368,Savelugu,GH,9.6244,-0.8253,75.76,74,72,5.93,2021-07-26 02:24:33,broken clouds
369,Axim,GH,4.8699,-2.2405,74.61,78,8,8.05,2021-07-26 02:24:33,clear sky
370,Troitsko-Pechorsk,RU,62.7084,56.1964,52.56,76,100,4.88,2021-07-26 02:24:33,overcast clouds
371,Sioux Lookout,CA,50.1001,-91.917,70.18,63,75,3.44,2021-07-26 02:24:33,smoke
372,Provideniya,RU,64.3833,-173.3,51.91,76,90,4.47,2021-07-26 02:24:34,overcast clouds
373,Antofagasta,CL,-23.65,-70.4,56.48,82,51,7.16,2021-07-26 02:22:31,broken clouds
374,Cookeville,US,36.1628,-85.5016,77.85,91,1,0.0,2021-07-26 02:22:22,clear sky
375,Sabang,ID,5.8933,95.3214,82.67,77,100,12.97,2021-07-26 02:24:34,overcast clouds
376,Vardo,NO,70.3705,31.1107,45.9,76,65,21.41,2021-07-26 02:24:23,broken clouds
377,Oussouye,SN,12.485,-16.5469,75.88,85,100,2.24,2021-07-26 02:24:35,overcast clouds
378,Asau,RO,46.4333,26.4,64.76,83,4,3.96,2021-07-26 02:24:35,clear sky
379,Cartagena,CO,10.3997,-75.5144,82.02,78,75,3.44,2021-07-26 02:24:35,broken clouds
380,Kondinskoye,RU,59.6481,67.41,54.0,62,29,10.6,2021-07-26 02:24:36,scattered clouds
381,Benguela,AO,-12.5763,13.4055,68.68,78,4,3.47,2021-07-26 02:24:36,clear sky
382,Matcha,RU,54.6335,42.3501,58.17,59,94,4.38,2021-07-26 02:24:36,overcast clouds
383,Namatanai,PG,-3.6667,152.4333,82.9,72,98,1.66,2021-07-26 02:24:36,light rain
384,Shahr-E Babak,IR,30.1165,55.1186,74.35,14,0,11.21,2021-07-26 02:24:37,clear sky
385,Formosa,AR,-26.1775,-58.1781,71.58,78,90,3.44,2021-07-26 02:21:16,overcast clouds
386,Yarim,YE,14.298,44.3779,57.29,79,99,3.51,2021-07-26 02:24:37,overcast clouds
387,Maningrida,AU,-12.0667,134.2667,84.85,39,100,11.65,2021-07-26 02:24:37,overcast clouds
388,Bhawanipatna,IN,19.9,83.1667,82.36,71,92,9.42,2021-07-26 02:24:38,overcast clouds
389,Bathsheba,BB,13.2167,-59.5167,77.61,94,75,3.44,2021-07-26 02:24:29,light rain
390,Taoudenni,ML,22.6783,-3.9836,97.7,7,0,7.07,2021-07-26 02:24:38,clear sky
391,Bac Lieu,VN,9.285,105.7244,84.69,70,90,11.72,2021-07-26 02:24:38,overcast clouds
392,Cuamba,MZ,-14.8031,36.5372,54.16,87,11,7.05,2021-07-26 02:24:39,few clouds
393,Jaragua,BR,-15.7569,-49.3344,66.42,40,5,2.82,2021-07-26 02:24:39,clear sky
394,Arman,RU,59.7,150.1667,55.76,99,100,6.67,2021-07-26 02:24:39,heavy intensity rain
395,Saint Anthony,US,45.0205,-93.218,83.82,49,1,4.61,2021-07-26 02:24:40,clear sky
396,Rawah,IQ,34.4816,41.9093,92.17,21,0,10.47,2021-07-26 02:24:40,clear sky
397,Minsk,BY,53.9,27.5667,55.15,77,20,3.67,2021-07-26 02:24:40,few clouds
398,Woodward,US,36.4337,-99.3904,79.83,61,1,11.5,2021-07-26 02:24:41,clear sky
399,Noumea,NC,-22.2763,166.4572,78.78,67,98,11.34,2021-07-26 02:24:41,overcast clouds
400,Plettenberg Bay,ZA,-34.0527,23.3716,61.23,40,86,10.33,2021-07-26 02:24:41,overcast clouds
401,Mehamn,NO,71.0357,27.8492,44.74,81,100,13.76,2021-07-26 02:24:41,overcast clouds
402,Mahon,ES,39.8885,4.2658,70.36,83,0,6.91,2021-07-26 02:24:35,clear sky
403,Ulaanbaatar,MN,47.9077,106.8832,66.33,63,40,2.24,2021-07-26 02:22:24,scattered clouds
404,Durban,ZA,-29.8579,31.0292,53.02,90,0,4.0,2021-07-26 02:24:42,clear sky
405,Perth,AU,-31.9333,115.8333,65.66,74,20,17.27,2021-07-26 02:22:46,few clouds
406,Banjar,ID,-8.19,114.9675,80.46,50,1,2.84,2021-07-26 02:24:42,clear sky
407,Manadhoo,MV,5.7667,73.3833,81.59,78,100,17.98,2021-07-26 02:24:43,overcast clouds
408,Nara,JP,34.6851,135.8049,90.97,45,0,4.23,2021-07-26 02:21:20,clear sky
409,Sakakah,SA,29.9697,40.2064,92.77,22,10,4.34,2021-07-26 02:24:43,clear sky
410,Souillac,MU,-20.5167,57.5167,70.18,64,20,9.22,2021-07-26 02:22:58,few clouds
411,Yerbogachen,RU,61.2767,108.0108,79.11,41,52,2.93,2021-07-26 02:24:43,broken clouds
412,Aykhal,RU,66.0,111.5,79.52,46,11,12.28,2021-07-26 02:24:44,few clouds
413,Andenes,NO,69.3143,16.1194,52.47,100,90,3.44,2021-07-26 02:24:44,mist
414,Powell River,CA,49.8496,-124.5361,79.92,53,40,6.91,2021-07-26 02:24:44,scattered clouds
415,Lebedinyy,RU,58.5167,125.5167,65.89,59,3,8.59,2021-07-26 02:24:45,clear sky
416,Faya,SA,18.3851,42.4509,64.51,70,91,4.38,2021-07-26 02:24:45,overcast clouds
417,Abu Kamal,SY,34.4506,40.9171,90.0,28,0,8.19,2021-07-26 02:24:45,clear sky
418,Labuhan,ID,-6.8844,112.2051,81.05,64,3,5.5,2021-07-26 02:24:46,clear sky
419,Nicoya,CR,10.1483,-85.452,76.55,88,100,2.82,2021-07-26 02:24:46,overcast clouds
420,Ranfurly,NZ,-45.1333,170.1,46.65,91,100,2.95,2021-07-26 02:24:46,overcast clouds
421,Havre-Saint-Pierre,CA,50.2334,-63.5986,61.16,82,1,12.66,2021-07-26 02:24:01,clear sky
422,Emerald,AU,-23.5333,148.1667,69.35,29,29,8.5,2021-07-26 02:22:20,scattered clouds
423,Tuatapere,NZ,-46.1333,167.6833,49.82,93,100,0.45,2021-07-26 02:24:47,overcast clouds
424,Macas,EC,-2.3167,-78.1167,65.77,92,30,2.46,2021-07-26 02:24:47,scattered clouds
425,Evensk,RU,61.95,159.2333,49.42,99,100,8.84,2021-07-26 02:20:33,light rain
426,Ayan,RU,56.45,138.1667,65.26,78,40,5.99,2021-07-26 02:24:47,scattered clouds
427,Richards Bay,ZA,-28.783,32.0377,54.68,86,0,6.96,2021-07-26 02:24:04,clear sky
428,Joshimath,IN,30.5667,79.5667,76.28,87,100,1.21,2021-07-26 02:24:48,overcast clouds
429,Boguchany,RU,58.3814,97.4531,80.26,44,43,5.82,2021-07-26 02:24:48,scattered clouds
430,Trelew,AR,-43.249,-65.3051,41.58,47,0,11.16,2021-07-26 02:21:00,clear sky
431,Myaundzha,RU,63.0494,147.1858,52.84,87,100,4.81,2021-07-26 02:24:48,overcast clouds
432,Little Current,CA,45.9793,-81.9248,73.45,75,0,10.11,2021-07-26 02:24:49,clear sky
433,Riyadh,SA,24.6877,46.7219,87.94,19,3,7.38,2021-07-26 02:23:07,clear sky
434,Pallasovka,RU,50.05,46.8833,63.79,52,3,7.92,2021-07-26 02:24:49,clear sky
435,Salamiyah,SY,35.0113,37.0532,74.95,68,0,4.03,2021-07-26 02:24:49,clear sky
436,Inyonga,TZ,-6.7167,32.0667,52.18,71,5,4.99,2021-07-26 02:24:50,clear sky
437,Muros,ES,42.7762,-9.0603,64.83,91,26,6.06,2021-07-26 02:24:50,scattered clouds
438,Den Helder,NL,52.9599,4.7593,64.98,94,75,1.99,2021-07-26 02:24:50,mist
439,Fairbanks,US,64.8378,-147.7164,70.14,54,90,8.05,2021-07-26 02:24:51,overcast clouds
440,Ahtopol,BG,42.1,27.95,64.87,79,0,6.44,2021-07-26 02:21:02,clear sky
441,Manyana,BW,-23.4,21.7167,39.72,61,7,8.95,2021-07-26 02:24:51,clear sky
442,Yarada,IN,17.65,83.2667,84.52,79,75,13.8,2021-07-26 02:24:52,mist
443,Riohacha,CO,11.5444,-72.9072,78.35,89,100,5.68,2021-07-26 02:24:52,overcast clouds
444,Jackson,US,42.4165,-122.8345,95.14,29,1,11.5,2021-07-26 02:24:52,clear sky
445,Vicksburg,US,32.3526,-90.8779,84.7,92,40,0.0,2021-07-26 02:24:52,scattered clouds
446,Santa Cruz,BO,-17.8,-63.1667,76.46,69,20,11.5,2021-07-26 02:22:52,few clouds
447,Cap-Aux-Meules,CA,47.3821,-61.8597,60.85,77,20,10.36,2021-07-26 02:24:53,few clouds
448,Severo-Kurilsk,RU,50.6789,156.125,59.34,88,74,3.49,2021-07-26 02:24:53,broken clouds
449,Agua Verde,MX,22.9,-106.05,86.13,80,8,8.41,2021-07-26 02:24:54,clear sky
450,Ambilobe,MG,-13.2,49.05,59.36,82,29,3.67,2021-07-26 02:24:54,scattered clouds
451,Maragogi,BR,-9.0122,-35.2225,73.54,87,18,11.16,2021-07-26 02:24:54,few clouds
452,Kayerkan,RU,69.3497,87.7602,57.4,88,96,7.83,2021-07-26 02:24:51,overcast clouds
453,Puerto Escondido,MX,15.85,-97.0667,85.03,65,90,0.0,2021-07-26 02:24:55,overcast clouds
454,Tamale,GH,9.4008,-0.8393,74.91,77,91,5.86,2021-07-26 02:24:55,overcast clouds
455,Encantado,BR,-29.2361,-51.8697,69.04,33,100,3.94,2021-07-26 02:24:55,moderate rain
456,Mirador,BR,-6.3708,-44.3631,71.46,57,27,4.43,2021-07-26 02:24:56,scattered clouds
457,Sitka,US,57.0531,-135.33,54.23,89,100,1.9,2021-07-26 02:22:24,light rain
458,Biak,ID,-0.9131,122.8766,80.56,73,63,6.55,2021-07-26 02:24:56,broken clouds
459,Ipixuna,BR,-1.7625,-48.8043,78.75,76,7,3.4,2021-07-26 02:24:56,clear sky
460,Manzhouli,CN,49.6,117.4333,68.94,63,39,7.92,2021-07-26 02:24:57,scattered clouds
461,Coihueco,CL,-36.6167,-71.8333,45.34,100,90,14.97,2021-07-26 02:24:57,overcast clouds
462,Misratah,LY,32.3754,15.0925,79.41,72,0,9.95,2021-07-26 02:24:57,clear sky
463,Freeport,US,40.6576,-73.5832,80.96,89,1,4.0,2021-07-26 02:23:34,clear sky
464,Avera,US,33.194,-82.5271,79.75,71,71,5.28,2021-07-26 02:24:57,broken clouds
465,Miranda,CO,3.2499,-76.2281,66.33,94,100,3.71,2021-07-26 02:24:58,overcast clouds
466,Kyshtovka,RU,56.555,76.6271,57.49,97,100,12.28,2021-07-26 02:24:58,overcast clouds
467,Otradnoye,RU,59.7775,30.8181,63.97,63,85,4.29,2021-07-26 02:24:58,overcast clouds
468,Roald,NO,62.5833,6.1333,63.34,94,20,11.5,2021-07-26 02:24:59,few clouds
469,Arona,ES,28.0996,-16.681,69.03,53,0,2.3,2021-07-26 02:24:59,clear sky
470,Pokrovsk,UA,48.282,37.1758,65.14,60,0,8.3,2021-07-26 02:24:59,clear sky
471,Mozelos,PT,41.8677,-8.3978,64.27,93,0,4.36,2021-07-26 02:25:00,clear sky
472,Takaka,NZ,-40.85,172.8,56.97,90,97,11.54,2021-07-26 02:25:00,overcast clouds
473,Nykoping,SE,58.753,17.0079,58.42,94,0,3.44,2021-07-26 02:25:00,clear sky
474,Barabash,RU,43.2,131.4833,83.88,60,95,9.06,2021-07-26 02:25:00,overcast clouds
475,Berdsk,RU,54.7551,83.0967,74.8,84,86,4.68,2021-07-26 02:25:01,overcast clouds
476,Castanos,MX,26.7833,-101.4167,87.62,31,0,14.56,2021-07-26 02:25:01,clear sky
477,Toamasina,MG,-18.1667,49.3833,62.6,94,75,16.11,2021-07-26 02:25:02,moderate rain
478,Lugovoy,KZ,42.9472,72.7644,88.75,17,0,2.28,2021-07-26 02:25:02,clear sky
479,Lahij,YE,13.1667,44.5833,78.39,78,94,0.65,2021-07-26 02:25:02,overcast clouds
480,Yetkul,RU,54.8221,61.588,55.38,67,3,7.7,2021-07-26 02:21:14,clear sky
481,Nova Ushytsya,UA,48.8372,27.2743,63.68,71,18,6.87,2021-07-26 02:25:02,few clouds
482,Kampot,KH,10.6167,104.1833,86.05,72,66,9.91,2021-07-26 02:25:03,broken clouds
483,Novaya Malykla,RU,54.2,49.95,59.99,59,98,2.19,2021-07-26 02:25:03,overcast clouds
484,Salta,AR,-24.7859,-65.4117,56.57,64,40,5.75,2021-07-26 02:24:31,scattered clouds
485,Bilma,NE,18.6853,12.9164,88.59,42,99,12.44,2021-07-26 02:21:56,overcast clouds
486,Cotonou,BJ,6.3654,2.4183,75.81,79,39,12.66,2021-07-26 02:24:57,scattered clouds
487,Faanui,PF,-16.4833,-151.75,78.06,67,48,8.75,2021-07-26 02:24:50,scattered clouds
488,Maniwaki,CA,46.3834,-75.966,63.14,94,39,3.44,2021-07-26 02:23:26,scattered clouds
489,Verkhnyaya Toyma,RU,62.2349,44.9985,55.56,80,100,2.75,2021-07-26 02:25:04,overcast clouds
490,Constantine,DZ,36.365,6.6147,83.61,28,40,4.61,2021-07-26 02:25:04,scattered clouds
491,Georgetown,MY,5.4112,100.3354,87.73,79,20,1.99,2021-07-26 02:21:01,haze
492,Nadym,RU,65.5333,72.5167,50.79,71,91,8.99,2021-07-26 02:25:05,overcast clouds
493,Scarborough,GB,54.2797,-0.4044,60.53,86,94,6.51,2021-07-26 02:22:00,overcast clouds
494,Terney,RU,45.0503,136.6092,79.77,74,90,8.12,2021-07-26 02:25:05,overcast clouds
495,Hay River,CA,60.8156,-115.7999,60.78,55,20,5.75,2021-07-26 02:25:05,few clouds
496,Saint-Gaudens,FR,43.0833,0.6667,63.34,92,99,1.97,2021-07-26 02:25:06,overcast clouds
497,Ulaangom,MN,49.9811,92.0667,68.13,61,100,3.76,2021-07-26 02:24:47,overcast clouds
498,Rio Gallegos,AR,-51.6226,-69.2181,32.05,86,20,9.22,2021-07-26 02:25:06,few clouds
499,Kwinana,AU,-32.25,115.7667,65.8,71,99,26.64,2021-07-26 02:25:06,light rain
500,Garowe,SO,8.4054,48.4845,74.46,63,83,23.47,2021-07-26 02:25:07,broken clouds
501,Baleshwar,IN,21.4942,86.9317,87.44,64,100,9.6,2021-07-26 02:25:07,overcast clouds
502,Independence,US,39.0911,-94.4155,80.69,86,1,1.99,2021-07-26 02:24:30,clear sky
503,Ilo,PE,-17.6394,-71.3375,59.97,88,59,7.36,2021-07-26 02:22:23,broken clouds
504,Lasa,IT,46.6166,10.7002,62.06,87,100,2.15,2021-07-26 02:25:07,light rain
505,Palana,RU,59.1167,159.9667,54.59,89,93,14.41,2021-07-26 02:25:08,overcast clouds
506,Udachnyy,RU,66.4167,112.4,82.92,43,6,14.58,2021-07-26 02:25:08,clear sky
507,Uarini,BR,-2.99,-65.1083,77.61,75,100,1.05,2021-07-26 02:25:08,overcast clouds
508,Santa Cruz De La Palma,ES,28.6835,-17.7642,71.74,78,90,13.8,2021-07-26 02:25:09,overcast clouds
509,Pokosnoye,RU,55.5258,101.0536,74.66,45,100,6.62,2021-07-26 02:25:09,overcast clouds
510,Shebunino,RU,46.4339,141.8603,78.15,73,21,8.01,2021-07-26 02:25:09,few clouds
511,Safaga,EG,26.7292,33.9365,82.35,49,0,1.43,2021-07-26 02:25:10,clear sky
512,Ternate,ID,0.8,127.4,83.41,72,62,6.64,2021-07-26 02:25:10,broken clouds
513,Pacific Grove,US,36.6177,-121.9166,78.26,86,75,5.01,2021-07-26 02:25:10,broken clouds
514,Calama,CL,-22.4667,-68.9333,48.69,15,90,4.61,2021-07-26 02:21:35,overcast clouds
515,Hinton,CA,53.4001,-117.5857,61.11,94,100,2.68,2021-07-26 02:25:10,overcast clouds
516,Viedma,AR,-40.8135,-62.9967,47.32,53,100,9.4,2021-07-26 02:25:11,overcast clouds
517,Buraydah,SA,26.326,43.975,88.25,20,25,6.11,2021-07-26 02:25:11,scattered clouds
518,Wanxian,CN,30.8039,108.3897,86.72,71,0,2.15,2021-07-26 02:25:11,clear sky
519,Jalu,LY,29.0331,21.5482,76.24,40,0,8.72,2021-07-26 02:24:40,clear sky
520,Richmond,US,37.5538,-77.4603,82.38,82,90,10.36,2021-07-26 02:24:36,overcast clouds
521,Vieques,PR,18.425,-65.8329,81.63,89,75,4.61,2021-07-26 02:25:12,thunderstorm
522,Harindanga,IN,22.0383,88.3214,87.78,76,100,9.31,2021-07-26 02:25:12,overcast clouds
523,Sarany,RU,58.5,58.8833,50.18,70,100,4.68,2021-07-26 02:25:12,overcast clouds
524,El Alto,PE,-4.2714,-81.2147,64.36,88,90,11.97,2021-07-26 02:25:13,overcast clouds
525,Nisia Floresta,BR,-6.0911,-35.2086,74.21,94,15,6.29,2021-07-26 02:25:13,few clouds
526,Maracacume,BR,-2.0428,-45.9592,72.0,91,11,2.59,2021-07-26 02:25:13,few clouds
527,Tahe,CN,52.3333,124.7333,74.3,55,13,3.65,2021-07-26 02:25:14,few clouds
528,Caucaia,BR,-3.7361,-38.6531,80.04,73,40,12.66,2021-07-26 02:25:14,scattered clouds
529,Dali,CN,25.7,100.1833,71.69,61,6,1.61,2021-07-26 02:25:14,clear sky
530,Gopalganj,IN,26.4667,84.4333,86.58,72,100,3.91,2021-07-26 02:25:14,overcast clouds
531,Vestmanna,FO,62.1564,-7.1664,49.12,100,90,1.14,2021-07-26 02:25:15,overcast clouds
532,Imelda,PH,7.65,123.95,85.14,74,47,5.84,2021-07-26 02:25:15,scattered clouds
533,Sonoita,MX,31.85,-112.8333,83.53,56,100,7.99,2021-07-26 02:23:32,overcast clouds
534,Bredy,RU,52.4153,60.3411,57.63,77,2,7.94,2021-07-26 02:25:15,clear sky
535,Lipari,IT,38.4674,14.954,82.09,64,15,7.74,2021-07-26 02:25:16,few clouds
536,Jiazi,CN,22.8779,116.067,87.78,70,75,8.84,2021-07-26 02:25:16,broken clouds
537,Piacabucu,BR,-10.4056,-36.4344,72.72,89,71,9.82,2021-07-26 02:24:35,broken clouds
538,Ust-Maya,RU,60.4167,134.5333,74.89,48,1,8.52,2021-07-26 02:25:17,clear sky
539,Port Blair,IN,11.6667,92.75,83.35,82,89,19.24,2021-07-26 02:25:17,overcast clouds
540,Ojinaga,MX,29.5667,-104.4167,95.41,29,1,5.75,2021-07-26 02:25:17,clear sky
541,Kifri,IQ,34.6959,44.9661,94.62,21,0,13.78,2021-07-26 02:25:17,clear sky
542,Nalut,LY,30.3333,10.85,78.35,25,0,11.92,2021-07-26 02:25:18,clear sky
543,North Bend,US,43.4065,-124.2243,73.24,83,90,27.63,2021-07-26 02:25:18,mist
544,Santiago,CL,-33.4569,-70.6483,53.85,71,75,6.91,2021-07-26 02:20:26,broken clouds
545,Byron Bay,AU,-28.65,153.6167,69.06,33,34,0.92,2021-07-26 02:20:18,scattered clouds
546,Santa Maria,BR,-29.6842,-53.8069,81.7,42,0,8.05,2021-07-26 02:25:18,clear sky
547,Diego De Almagro,CL,-26.3667,-70.05,49.01,70,0,2.59,2021-07-26 02:25:19,clear sky
548,Labuan,MY,5.2767,115.2417,88.16,74,20,2.3,2021-07-26 02:24:28,few clouds
549,San Miguel,SV,13.4833,-88.1833,74.52,97,37,2.37,2021-07-26 02:25:19,scattered clouds
550,Guasdualito,VE,7.2424,-70.7324,73.15,95,49,1.12,2021-07-26 02:25:19,scattered clouds
551,Santa Rosa,PH,14.3122,121.1114,88.86,66,99,17.9,2021-07-26 02:25:20,overcast clouds
552,Paris,FR,48.8534,2.3488,64.26,90,0,6.91,2021-07-26 02:23:33,clear sky
553,Hualmay,PE,-11.0964,-77.6139,63.39,85,12,9.71,2021-07-26 02:24:24,few clouds
554,Papetoai,PF,-17.4961,-149.8729,81.55,66,1,6.33,2021-07-26 02:25:20,clear sky
555,Mitha Tiwana,PK,32.2486,72.1108,96.76,44,32,10.2,2021-07-26 02:25:20,scattered clouds
556,Vila Do Maio,CV,15.1333,-23.2167,75.88,73,87,8.3,2021-07-26 02:25:21,overcast clouds
557,Tadine,NC,-21.55,167.8833,74.62,65,33,16.49,2021-07-26 02:25:21,scattered clouds
558,Quepos,CR,9.4236,-84.1652,82.06,89,100,7.61,2021-07-26 02:25:21,overcast clouds
559,Moron,AR,-34.6534,-58.6198,55.15,95,0,1.99,2021-07-26 02:25:22,clear sky
560,Robat Karim,IR,35.4846,51.0829,85.37,61,0,9.22,2021-07-26 02:25:22,clear sky
561,Kavaratti,IN,10.5669,72.642,81.55,79,100,20.24,2021-07-26 02:23:03,overcast clouds
562,Peace River,CA,56.2501,-117.286,73.71,35,20,11.5,2021-07-26 02:23:35,few clouds
563,San Vicente,AR,-26.6167,-54.1333,68.27,52,70,5.32,2021-07-26 02:25:23,broken clouds
564,Pasighat,IN,28.0667,95.3333,79.47,96,100,1.95,2021-07-26 02:25:23,light rain
565,Cidreira,BR,-30.1811,-50.2056,67.53,70,83,5.39,2021-07-26 02:25:23,broken clouds
566,Mwene-Ditu,CD,-7.0,23.45,63.97,43,13,8.55,2021-07-26 02:25:23,few clouds
567,Bang Saphan,TH,11.2126,99.5117,84.15,70,88,8.72,2021-07-26 02:25:24,moderate rain
568,Nizwa,OM,22.9333,57.5333,88.61,47,14,5.01,2021-07-26 02:25:24,few clouds
569,Mareeba,AU,-17.0,145.4333,79.45,54,26,6.17,2021-07-26 02:25:24,scattered clouds
570,Anchorage,US,61.2181,-149.9003,69.01,65,1,1.01,2021-07-26 02:24:16,clear sky
571,Port Pirie,AU,-33.1833,138.0167,62.69,54,11,17.38,2021-07-26 02:25:25,few clouds
572,Kendari,ID,-3.945,122.4989,81.46,64,45,3.83,2021-07-26 02:25:25,scattered clouds
573,Zaporizhzhya,UA,47.8167,35.1833,68.67,64,0,4.47,2021-07-26 02:25:25,clear sky
574,Pincher Creek,CA,49.4833,-113.952,84.36,24,1,9.22,2021-07-26 02:25:25,clear sky
575,Port Macquarie,AU,-31.4333,152.9167,67.89,36,0,3.09,2021-07-26 02:21:13,clear sky
576,Devecser,HU,47.1032,17.438,67.35,75,8,3.18,2021-07-26 02:25:26,clear sky
577,Gigmoto,PH,13.7796,124.39,86.94,70,100,13.0,2021-07-26 02:25:26,overcast clouds
578,Ambunti,PG,-4.2365,142.8448,88.92,56,19,0.89,2021-07-26 02:25:27,few clouds
579,Lompoc,US,34.6391,-120.4579,74.79,81,90,10.36,2021-07-26 02:22:21,overcast clouds
580,Aberdeen,GB,57.1437,-2.0981,61.48,100,90,5.75,2021-07-26 02:25:27,overcast clouds
581,Shingu,JP,33.7333,135.9833,86.99,63,0,5.14,2021-07-26 02:25:27,clear sky
582,Burkburnett,US,34.0979,-98.5706,91.87,56,1,8.05,2021-07-26 02:25:28,clear sky
583,Parfenyevo,RU,58.484,43.4088,56.57,67,88,4.85,2021-07-26 02:25:28,overcast clouds
584,Inhambane,MZ,-23.865,35.3833,66.27,56,87,12.48,2021-07-26 02:24:19,overcast clouds
585,Quatre Cocos,MU,-20.2078,57.7625,69.91,61,7,11.05,2021-07-26 02:25:28,clear sky
586,Majene,ID,-3.5403,118.9707,81.66,68,10,7.56,2021-07-26 02:25:29,clear sky
587,Cap Malheureux,MU,-19.9842,57.6142,70.29,59,0,15.41,2021-07-26 02:25:29,clear sky
588,Olinda,BR,-8.0089,-34.8553,69.53,94,75,2.3,2021-07-26 02:24:56,broken clouds
589,Dilla,ET,6.41,38.31,58.1,86,98,2.26,2021-07-26 02:25:29,overcast clouds
590,Thouars,FR,46.976,-0.2151,61.72,97,99,6.06,2021-07-26 02:25:29,overcast clouds
591,Bartica,GY,6.4,-58.6167,75.52,99,100,1.3,2021-07-26 02:25:30,overcast clouds
592,Orange,US,33.7,-117.7675,85.68,76,75,1.01,2021-07-26 02:21:53,broken clouds
593,Aguas Vermelhas,BR,-15.7472,-41.46,54.48,91,0,3.6,2021-07-26 02:25:30,clear sky
594,Mangit,UZ,40.5971,70.9607,81.68,19,0,0.67,2021-07-26 02:25:30,clear sky
595,Dongsheng,CN,39.8161,109.9776,73.51,52,100,15.64,2021-07-26 02:25:31,overcast clouds
596,Krasnyy Yar,RU,46.5331,48.3456,71.53,36,0,6.71,2021-07-26 02:25:31,clear sky
597,Peru,US,40.7537,-86.0689,77.61,78,40,3.44,2021-07-26 02:24:08,scattered clouds
598,Athens,GR,37.9795,23.7162,79.16,54,0,3.0,2021-07-26 02:22:38,clear sky
599,Kyabram,AU,-36.3167,145.05,57.87,91,100,10.76,2021-07-26 02:25:32,overcast clouds
600,Dauphin,CA,51.1494,-100.0502,66.34,68,1,6.91,2021-07-26 02:25:32,clear sky
601,Ciudad Bolivar,VE,8.1222,-63.5497,75.52,91,100,9.13,2021-07-26 02:25:32,overcast clouds
602,Pemberton,CA,50.3164,-122.8027,76.86,42,39,6.69,2021-07-26 02:25:33,scattered clouds
603,Mwense,ZM,-10.3845,28.698,52.59,70,60,6.98,2021-07-26 02:25:33,broken clouds
604,Tokonou,GN,9.65,-9.7833,67.19,99,96,4.92,2021-07-26 02:25:33,overcast clouds
605,Bara,NG,10.3744,10.7288,71.37,97,99,8.61,2021-07-26 02:25:33,light rain
606,Nome,US,64.5011,-165.4064,51.87,82,90,12.66,2021-07-26 02:25:34,light rain
607,Marquette,US,46.5333,-87.6335,71.04,65,0,7.34,2021-07-26 02:20:46,clear sky
608,Thaba-Tseka,LS,-29.522,28.6084,28.49,44,3,2.44,2021-07-26 02:25:34,clear sky
609,Katherine,AU,-14.4667,132.2667,84.52,37,100,11.5,2021-07-26 02:23:01,overcast clouds
610,Suraabad,AZ,40.8192,49.4687,80.78,60,0,18.97,2021-07-26 02:25:34,clear sky
611,Romitan,UZ,39.9343,64.3814,80.55,34,0,13.8,2021-07-26 02:25:35,clear sky
612,Guerrero Negro,MX,27.9769,-114.0611,70.02,77,1,16.4,2021-07-26 02:25:35,clear sky
613,Eureka,US,40.8021,-124.1637,55.92,87,100,4.7,2021-07-26 02:21:46,overcast clouds
614,Abha,SA,18.2164,42.5053,64.22,94,0,0.0,2021-07-26 02:25:35,clear sky
615,Lac Du Bonnet,CA,50.2536,-96.0612,74.59,50,23,3.09,2021-07-26 02:25:36,few clouds
616,Buala,SB,-8.145,159.5921,83.97,74,23,8.46,2021-07-26 02:25:36,light rain
617,Babu,CN,24.4167,111.5167,87.06,71,8,3.67,2021-07-26 02:25:36,clear sky
618,Marathon,US,44.9,-89.7668,71.35,80,1,4.61,2021-07-26 02:25:37,clear sky
619,Alta Floresta,BR,-9.8756,-56.0861,72.7,47,4,3.24,2021-07-26 02:25:37,clear sky
620,Brigantine,US,39.4101,-74.3646,78.49,87,75,6.91,2021-07-26 02:25:37,broken clouds
621,Krasnoslobodsk,RU,48.7072,44.5714,72.55,40,0,11.18,2021-07-26 02:25:37,clear sky
622,Oistins,BB,13.0667,-59.5333,77.09,94,75,3.44,2021-07-26 02:25:38,broken clouds
623,Neral,IN,19.0333,73.3167,83.82,90,64,11.61,2021-07-26 02:25:38,broken clouds
624,Ornskoldsvik,SE,63.2909,18.7153,58.15,94,75,2.3,2021-07-26 02:24:31,broken clouds
625,Biltine,TD,14.5333,20.9167,76.59,72,100,11.12,2021-07-26 02:25:38,overcast clouds
626,Zhangjiakou,CN,40.81,114.8794,75.74,78,100,8.14,2021-07-26 02:23:05,light rain
627,Egvekinot,RU,66.3167,-179.1667,48.36,80,100,2.71,2021-07-26 02:25:39,overcast clouds
628,Virar,IN,19.4667,72.8,84.29,85,51,19.28,2021-07-26 02:25:39,broken clouds
629,Jesup,US,31.6074,-81.8854,80.94,78,1,0.0,2021-07-26 02:25:39,clear sky
630,Huarmey,PE,-10.0681,-78.1522,64.92,87,1,9.71,2021-07-26 02:25:40,clear sky
631,Povenets,RU,62.8487,34.8262,58.32,86,100,7.25,2021-07-26 02:25:40,overcast clouds
632,Kolo,PL,52.2002,18.6387,69.24,79,3,10.58,2021-07-26 02:25:40,clear sky
633,Porto Novo,BJ,6.4965,2.6036,74.19,80,38,7.65,2021-07-26 02:25:41,scattered clouds
634,Manggar,ID,-2.8833,108.2667,84.0,68,10,14.7,2021-07-26 02:25:41,clear sky
635,Gamboula,CF,4.1178,15.1393,66.07,98,100,3.11,2021-07-26 02:25:41,light rain
636,Sao Gabriel Da Cachoeira,BR,-0.1303,-67.0892,71.83,98,98,1.21,2021-07-26 02:25:42,overcast clouds
637,Trapani,IT,37.8333,12.6667,78.98,49,0,10.36,2021-07-26 02:25:36,clear sky
638,Nhulunbuy,AU,-12.2333,136.7667,84.81,51,20,17.27,2021-07-26 02:25:42,few clouds
639,Kokopo,PG,-4.352,152.2633,82.58,72,66,3.15,2021-07-26 02:25:42,light rain
640,Dzhebariki-Khaya,RU,62.2167,135.8,73.72,49,1,7.87,2021-07-26 02:25:43,clear sky
641,Dingle,PH,10.9995,122.6711,86.67,67,95,15.97,2021-07-26 02:24:37,overcast clouds
642,Bomet,KE,-0.7813,35.3416,50.61,86,42,4.27,2021-07-26 02:25:43,scattered clouds
643,Hobyo,SO,5.3505,48.5268,75.56,75,82,23.49,2021-07-26 02:25:43,broken clouds
644,Vlore,AL,40.4667,19.4897,76.66,59,2,4.41,2021-07-26 02:25:44,clear sky
645,Taree,AU,-31.9,152.4667,69.06,39,0,10.36,2021-07-26 02:25:44,clear sky
646,Paamiut,GL,61.994,-49.6678,45.48,69,100,2.19,2021-07-26 02:25:44,overcast clouds
647,Standerton,ZA,-26.9337,29.2415,32.61,86,0,2.1,2021-07-26 02:25:45,clear sky
648,The Valley,AI,18.217,-63.0578,82.26,83,91,19.42,2021-07-26 02:25:45,overcast clouds
649,Tual,ID,-5.6667,132.75,79.84,79,85,22.73,2021-07-26 02:24:13,overcast clouds
650,Stromness,GB,58.965,-3.296,57.45,93,30,12.21,2021-07-26 02:23:23,scattered clouds
651,Talisayan,PH,6.9872,121.9272,87.71,70,75,4.61,2021-07-26 02:25:45,broken clouds
652,Kamenka,RU,51.3223,42.7678,59.09,62,7,3.36,2021-07-26 02:25:46,clear sky
653,Ler,SS,8.3018,30.1418,69.75,99,100,5.08,2021-07-26 02:25:46,light rain
654,Xichang,CN,27.8964,102.2634,73.08,77,27,1.97,2021-07-26 02:25:46,scattered clouds
655,Nanton,CA,50.3501,-113.7687,79.09,26,58,12.93,2021-07-26 02:25:47,broken clouds
656,Praia,CV,14.9215,-23.5087,74.86,75,98,6.96,2021-07-26 02:25:47,overcast clouds
657,Vanimo,PG,-2.6741,141.3028,83.46,63,58,4.09,2021-07-26 02:25:47,broken clouds
658,Fecamp,FR,49.7579,0.3746,63.48,96,91,8.63,2021-07-26 02:25:47,overcast clouds
659,Hun,LY,29.1268,15.9477,76.48,50,0,5.03,2021-07-26 02:25:48,clear sky
660,Toktogul,KG,41.8708,72.9402,79.74,33,0,0.74,2021-07-26 02:25:48,clear sky
661,Valley City,US,46.9233,-98.0032,79.79,61,1,11.5,2021-07-26 02:25:48,clear sky
662,Balikpapan,ID,-1.2675,116.8289,83.39,79,20,10.36,2021-07-26 02:25:49,few clouds
663,Buritis,BR,-15.6178,-46.4233,63.84,48,3,2.21,2021-07-26 02:25:49,clear sky
664,Asosa,ET,10.0667,34.5333,59.2,98,100,2.08,2021-07-26 02:25:49,light rain
665,Kosh-Agach,RU,50.0,88.6667,63.73,57,8,2.21,2021-07-26 02:25:50,clear sky
666,San Giovanni In Fiore,IT,39.2633,16.6996,64.87,36,6,4.5,2021-07-26 02:25:50,clear sky
667,Araouane,ML,18.9048,-3.5265,94.98,31,18,11.97,2021-07-26 02:23:18,few clouds
668,Somerset West,ZA,-34.084,18.8211,57.58,39,100,6.42,2021-07-26 02:25:50,overcast clouds
669,Yar-Sale,RU,66.8333,70.8333,51.69,68,89,6.26,2021-07-26 02:25:51,overcast clouds
670,Shaoguan,CN,24.8,113.5833,88.65,68,100,0.98,2021-07-26 02:25:51,overcast clouds
671,Sale,MA,34.0389,-6.8166,72.28,83,75,5.75,2021-07-26 02:22:49,broken clouds
